,Model,Accuracy,Precision,Recall,F1 Score,Best Params
3,CatBoost,0.9313725490196079,0.9313725490196079,0.9313725490196079,0.9313725490196079,"{'depth': 4, 'learning_rate': 0.1}"
1,RandomForest,0.9215686274509803,0.9220995941897069,0.9215686274509803,0.921477850399419,"{'max_depth': 10, 'n_estimators': 200}"
2,XGBoost,0.8921568627450981,0.8932757885763001,0.8921568627450981,0.8919381562378693,"{'max_depth': 3, 'n_estimators': 200}"
0,LogisticRegression,0.8872549019607843,0.8872487621120323,0.8872549019607843,0.8872304718203642,{'C': 1}
